1,0,0
2,0,0
3,0,0
4,0,0
5,0,0
6,0,0
7,0,0
8,0,0
9,0,0
10,0,0
11,0,0.027778
12,0.055556,0.23611
13,0.47222,0.72222
14,1.5,1.1389
15,2.75,1.0694
16,3.6389,0.97222
17,4.6944,1.1944
18,6.0278,1.2639
19,7.2222,0.80556
20,7.6389,0.29167
21,7.8056,0.11111
22,7.8611,0.097222
23,8,0.11111
24,8.0833,0.27778
25,8.5556,0.38889
26,8.8611,0.45833
27,9.4722,0.65278
28,10.167,0.69444
29,10.861,0.65278
30,11.472,0.47222
31,11.806,0.27778
32,12.028,0.19444
33,12.194,0.15278
34,12.333,0.083333
35,12.361,-0.027778
36,12.278,-0.25
37,11.861,-0.59722
38,11.083,-0.79167
39,10.278,-0.73611
40,9.6111,-0.65278
41,8.9722,-0.77778
42,8.0556,-1
43,6.9722,-0.94444
44,6.1667,-0.58333
45,5.8056,-0.25
46,5.6667,-0.19444
47,5.4167,-0.27778
48,5.1111,-0.23611
49,4.9444,-0.083333
50,4.9444,-0.055556
51,4.8333,-0.29167
52,4.3611,-0.59722
53,3.6389,-0.5
54,3.3611,-0.15278
55,3.3333,-0.013889
56,3.3333,0
57,3.3333,0.041667
58,3.4167,0.083333
59,3.5,0.33333
60,4.0833,0.375
61,4.25,0.16667
62,4.4167,0.125
63,4.5,0.16667
64,4.75,0.22222
65,4.9444,0.13889
66,5.0278,0.083333
67,5.1111,0.30556
68,5.6389,0.66667
69,6.4444,0.86111
70,7.3611,0.91667
71,8.2778,0.84722
72,9.0556,0.63889
73,9.5556,0.40278
74,9.8611,0.27778
75,10.111,0.26389
76,10.389,0.29167
77,10.694,0.26389
78,10.917,0.13889
79,10.972,-0.041667
80,10.833,-0.13889
81,10.694,-0.23611
82,10.361,-0.20833
83,10.278,-0.083333
84,10.194,-0.15278
85,9.9722,-0.19444
86,9.8056,-0.18056
87,9.6111,-0.15278
88,9.5,-0.375
89,8.8611,-0.95833
90,7.5833,-1.375
91,6.1111,-1.4306
92,4.7222,-1.0833
93,3.9444,-0.69444
94,3.3333,-0.70833
95,2.5278,-0.86111
96,1.6111,-0.76389
97,1,-0.5
98,0.61111,-0.5
99,0,-0.30556
100,0,0
101,0,0
102,0,0
103,0,0
104,0,0
105,0,0
106,0,0
107,0,0
108,0,0
109,0,0
110,0,0
111,0,0
112,0,0
113,0,0
114,0,0
115,0,0
116,0,0
117,0,0
118,0,0
119,0,0
120,0,0
121,0,0
122,0,0
123,0,0
124,0,0
125,0,0
126,0,0
127,0,0
128,0,0
129,0,0
130,0,0
131,0,0
132,0,0
133,0,0
134,0,0
135,0,0
136,0,0
137,0,0.027778
138,0.055556,0.26389
139,0.52778,0.81944
140,1.6944,1.3611
141,3.25,1.4306
142,4.5556,1
143,5.25,0.48611
144,5.5278,0.26389
145,5.7778,0.40278
146,6.3333,0.63889
147,7.0556,0.68056
148,7.6944,0.52778
149,8.1111,0.29167
150,8.2778,0.027778
151,8.1667,-0.36111
152,7.5556,-0.94444
153,6.2778,-1.375
154,4.8056,-1.2917
155,3.6944,-0.73611
156,3.3333,-0.097222
157,3.5,0.29167
158,3.9167,0.63889
159,4.7778,0.83333
160,5.5833,0.86111
161,6.5,0.75
162,7.0833,0.58333
163,7.6667,0.55556
164,8.1944,0.48611
165,8.6389,0.36111
166,8.9167,0.29167
167,9.2222,0.43056
168,9.7778,0.55556
169,10.333,0.38889
170,10.556,0.027778
171,10.389,-0.40278
172,9.75,-0.88889
173,8.6111,-1.1111
174,7.5278,-0.79167
175,7.0278,-0.27778
176,6.9722,0.083333
177,7.1944,0.375
178,7.7222,0.45833
179,8.1111,0.25
180,8.2222,0.041667
181,8.1944,-0.055556
182,8.1111,-0.16667
183,7.8611,-0.43056
184,7.25,-0.65278
185,6.5556,-0.70833
186,5.8333,-0.65278
187,5.25,-0.54167
188,4.75,-0.44444
189,4.3611,-0.36111
190,4.0278,-0.27778
191,3.8056,-0.22222
192,3.5833,-0.16667
193,3.4722,-0.097222
194,3.3889,-0.069444
195,3.3333,-0.027778
196,3.3333,0
197,3.3333,0
198,3.3333,0.069444
199,3.4722,0.13889
200,3.6111,0.20833
201,3.8889,0.27778
202,4.1667,0.34722
203,4.5833,0.55556
204,5.2778,0.65278
205,5.8889,0.66667
206,6.6111,0.79167
207,7.4722,0.80556
208,8.2222,0.70833
209,8.8889,0.77778
210,9.7778,0.76389
211,10.417,0.55556
212,10.889,0.41667
213,11.25,0.33333
214,11.556,0.36111
215,11.972,0.47222
216,12.5,0.55556
217,13.083,0.55556
218,13.611,0.48611
219,14.056,0.38889
220,14.389,0.29167
221,14.639,0.18056
222,14.75,0.11111
223,14.861,0.097222
224,14.944,0.097222
225,15.056,0.13889
226,15.222,0.15278
227,15.361,0.13889
228,15.5,0.125
229,15.611,0.097222
230,15.694,0.041667
231,15.694,-0.041667
232,15.611,-0.22222
233,15.25,-0.45833
234,14.694,-0.54167
235,14.167,-0.43056
236,13.833,-0.25
237,13.667,-0.19444
238,13.444,-0.31944
239,13.028,-0.56944
240,12.306,-0.75
241,11.528,-0.66667
242,10.972,-0.625
243,10.278,-0.68056
244,9.6111,-0.65278
245,8.9722,-0.77778
246,8.0556,-1
247,6.9722,-0.94444
248,6.1667,-0.58333
249,5.8056,-0.25
250,5.6667,-0.19444
251,5.4167,-0.27778
252,5.1111,-0.23611
253,4.9444,-0.083333
254,4.9444,-0.055556
255,4.8333,-0.29167
256,4.3611,-0.40278
257,4.0278,-0.041667
258,4.2778,0.47222
259,4.9722,0.72222
260,5.7222,0.73611
261,6.4444,0.70833
262,7.1389,0.76389
263,7.9722,0.94444
264,9.0278,1.0278
265,10.028,0.90278
266,10.833,0.65278
267,11.333,0.54167
268,11.917,0.5
269,12.333,0.41667
270,12.75,0.22222
271,12.778,-0.041667
272,12.667,-0.097222
273,12.583,-0.26389
274,12.139,-0.625
275,11.333,-0.79167
276,10.556,-0.88889
277,9.5556,-0.98611
278,8.5833,-1.2361
279,7.0833,-1.3194
280,5.9444,-0.73611
281,5.6111,0.20833
282,6.3611,0.88889
283,7.3889,1.0139
284,8.3889,1.0417
285,9.4722,1
286,10.389,0.91667
287,11.306,0.91667
288,12.222,0.91667
289,13.139,0.72222
290,13.667,0.34722
291,13.833,0
292,13.667,-0.23611
293,13.361,-0.26389
294,13.139,-0.18056
295,13,-0.083333
296,12.972,0
297,13,0.055556
298,13.083,0.069444
299,13.139,0.027778
300,13.139,-0.027778
301,13.083,-0.097222
302,12.944,-0.18056
303,12.722,-0.25
304,12.444,-0.34722
305,12.028,-0.41667
306,11.611,-0.34722
307,11.333,-0.20833
308,11.194,-0.097222
309,11.139,-0.083333
310,11.028,-0.125
311,10.889,-0.16667
312,10.694,-0.25
313,10.389,-0.34722
314,10,-0.41667
315,9.5556,-0.41667
316,9.1667,-0.375
317,8.8056,-0.41667
318,8.3333,-0.51389
319,7.7778,-0.54167
320,7.25,-0.33333
321,7.1111,-0.16667
322,6.9167,-0.097222
323,6.9167,-0.083333
324,6.75,-0.13889
325,6.6389,-0.055556
326,6.6389,-0.041667
327,6.5556,-0.083333
328,6.4722,-0.43056
329,5.6944,-0.80556
330,4.8611,-0.5
331,4.6944,-0.11111
332,4.6389,-0.13889
333,4.4167,-0.15278
334,4.3333,-0.125
335,4.1667,-0.15278
336,4.0278,-0.097222
337,3.9722,0
338,4.0278,0.15278
339,4.2778,0.45833
340,4.9444,0.79167
341,5.8611,0.875
342,6.6944,0.54167
343,6.9444,0.16667
344,7.0278,0.069444
345,7.0833,0.15278
346,7.3333,0.15278
347,7.3889,0.097222
348,7.5278,0.15278
349,7.6944,0.13889
350,7.8056,0.069444
351,7.8333,0
352,7.8056,-0.027778
353,7.7778,-0.027778
354,7.75,-0.013889
355,7.75,0.027778
356,7.8056,0.041667
357,7.8333,-0.013889
358,7.7778,-0.18056
359,7.4722,-0.41667
360,6.9444,-0.51389
361,6.4444,-0.43056
362,6.0833,-0.29167
363,5.8611,-0.16667
364,5.75,-0.055556
365,5.75,0.013889
366,5.7778,0.069444
367,5.8889,0.18056
368,6.1389,0.31944
369,6.5278,0.30556
370,6.75,0.13889
371,6.8056,-0.069444
372,6.6111,-0.44444
373,5.9167,-0.84722
374,4.9167,-0.95833
375,4,-0.80556
376,3.3056,-0.58333
377,2.8333,-0.41667
378,2.4722,-0.30556
379,2.2222,-0.23611
380,2,-0.26389
381,1.6944,-0.31944
382,1.3611,-0.33333
383,1.0278,-0.36111
384,0.63889,-0.38889
385,0.25,-0.31944
386,0,-0.125
387,0,0
388,0,0
389,0,0
390,0,0
391,0,0.069444
392,0.13889,0.29167
393,0.58333,0.59722
394,1.3333,0.86111
395,2.3056,1.0417
396,3.4167,1.1528
397,4.6111,1.1944
398,5.8056,1.0556
399,6.7222,0.65278
400,7.1111,0.19444
401,7.1111,-0.097222
402,6.9167,-0.31944
403,6.4722,-0.45833
404,6,-0.43056
405,5.6111,-0.40278
406,5.1944,-0.44444
407,4.7222,-0.47222
408,4.25,-0.38889
409,3.9444,-0.19444
410,3.8611,-0.027778
411,3.8889,0.041667
412,3.9444,0.069444
413,4.0278,0.097222
414,4.1389,0.19444
415,4.4167,0.34722
416,4.8333,0.38889
417,5.1944,0.23611
418,5.3056,0.013889
419,5.2222,-0.20833
420,4.8889,-0.30556
421,4.6111,-0.19444
422,4.5,-0.027778
423,4.5556,0.13889
424,4.7778,0.375
425,5.3056,0.75
426,6.2778,1.1528
427,7.6111,1.25
428,8.7778,0.83333
429,9.2778,0.26389
430,9.3056,-0.083333
431,9.1111,-0.22222
432,8.8611,-0.20833
433,8.6944,-0.11111
434,8.6389,-0.097222
435,8.5,-0.26389
436,8.1111,-0.54167
437,7.4167,-0.86111
438,6.3889,-1.1806
439,5.0556,-1.4028
440,3.5833,-1.4583
441,2.1389,-1.2639
442,1.0556,-0.88889
443,0.36111,-0.5
444,0.055556,-0.18056
445,0,-0.027778
446,0,0
447,0,0
448,0,0
449,0,0
450,0,0
451,0,0
452,0,0
453,0,0
454,0,0
455,0,0
456,0,0
457,0,0
458,0,0
459,0,0
460,0,0
461,0,0
462,0,0
463,0,0
464,0,0
465,0,0
466,0,0
467,0,0
468,0,0
469,0,0
470,0,0
471,0,0
472,0,0
473,0,0
474,0,0
475,0,0
476,0,0
477,0,0
478,0,0
479,0,0
480,0,0
481,0,0
482,0,0
483,0,0
484,0,0
485,0,0
486,0,0
487,0,0
488,0,0
489,0,0
490,0,0
491,0,0
492,0,0
493,0,0
494,0,0
495,0,0
496,0,0
497,0,0
498,0,0
499,0,0
500,0,0
501,0,0
502,0,0
503,0,0
504,0,0
505,0,0
506,0,0
507,0,0
508,0,0
509,0,0
510,0,0
511,0,0.069444
512,0.13889,0.34722
513,0.69444,0.84722
514,1.8333,1.2917
515,3.2778,1.4167
516,4.6667,1.2083
517,5.6944,0.70833
518,6.0833,0.19444
519,6.0833,-0.083333
520,5.9167,-0.22222
521,5.6389,-0.29167
522,5.3333,-0.34722
523,4.9444,-0.51389
524,4.3056,-0.81944
525,3.3056,-1.0972
526,2.1111,-1.0972
527,1.1111,-0.77778
528,0.55556,-0.41667
529,0.27778,-0.27778
530,0,-0.13889
531,0,0
532,0,0.027778
533,0.055556,0.16667
534,0.33333,0.41667
535,0.88889,0.55556
536,1.4444,0.69444
537,2.2778,1.0833
538,3.6111,1.4722
539,5.2222,1.4028
540,6.4167,0.79167
541,6.8056,0.19444
542,6.8056,-0.027778
543,6.75,-0.125
544,6.5556,-0.27778
545,6.1944,-0.48611
546,5.5833,-0.52778
547,5.1389,-0.40278
548,4.7778,-0.30556
549,4.5278,-0.25
550,4.2778,-0.22222
551,4.0833,-0.15278
552,3.9722,-0.13889
553,3.8056,-0.13889
554,3.6944,-0.083333
555,3.6389,-0.027778
556,3.6389,0.027778
557,3.6944,0.097222
558,3.8333,0.16667
559,4.0278,0.375
560,4.5833,0.34722
561,4.7222,0.069444
562,4.7222,0
563,4.7222,-0.22222
564,4.2778,-0.95833
565,2.8056,-1.4722
566,1.3333,-1.4028
567,0,-0.66667
568,0,0
569,0,0
570,0,0
571,0,0
572,0,0
573,0,0
574,0,0
575,0,0
576,0,0
577,0,0
578,0,0
579,0,0
580,0,0
581,0,0
582,0,0
583,0,0
584,0,0
585,0,0
586,0,0
587,0,0
588,0,0
589,0,0
590,0,0
591,0,0
592,0,0
593,0,0
594,0,0
595,0,0
596,0,0
597,0,0
598,0,0
599,0,0
600,0,0.13889
601,0.27778,0.29167
602,0.58333,0.52778
603,1.3333,0.97222
604,2.5278,1.3056
605,3.9444,1.4861
606,5.5,1.5694
607,7.0833,1.4861
608,8.4722,1.2917
609,9.6667,1.1528
610,10.778,1.125
611,11.917,1.0556
612,12.889,0.75
613,13.417,0.31944
614,13.528,0.027778
615,13.472,-0.041667
616,13.444,-0.041667
617,13.389,-0.083333
618,13.278,-0.16667
619,13.056,-0.26389
620,12.75,-0.29167
621,12.472,-0.20833
622,12.333,-0.083333
623,12.306,0.013889
624,12.361,0.11111
625,12.528,0.16667
626,12.694,0.125
627,12.778,0.041667
628,12.778,0
629,12.778,0.013889
630,12.806,0.097222
631,12.972,0.22222
632,13.25,0.30556
633,13.583,0.36111
634,13.972,0.375
635,14.333,0.31944
636,14.611,0.19444
637,14.722,0.055556
638,14.722,-0.013889
639,14.694,-0.041667
640,14.639,-0.041667
641,14.611,0.055556
642,14.75,0.23611
643,15.083,0.29167
644,15.333,0.16667
645,15.417,0.097222
646,15.528,0.11111
647,15.639,0.11111
648,15.75,0.083333
649,15.806,0.013889
650,15.778,-0.125
651,15.556,-0.36111
652,15.056,-0.54167
653,14.472,-0.56944
654,13.917,-0.68056
655,13.111,-0.95833
656,12,-1.1111
657,10.889,-0.93056
658,10.139,-0.68056
659,9.5278,-0.76389
660,8.6111,-1.1528
661,7.2222,-1.4306
662,5.75,-1.4722
663,4.2778,-1.0556
664,3.6389,-0.47222
665,3.3333,-0.083333
666,3.4722,0.27778
667,3.8889,0.90278
668,5.2778,1.2778
669,6.4444,1.25
670,7.7778,1.2222
671,8.8889,0.83333
672,9.4444,0.55556
673,10,0.55556
674,10.556,0.55556
675,11.111,0.31944
676,11.194,0.069444
677,11.25,-0.18056
678,10.833,-0.66667
679,9.9167,-1
680,8.8333,-1.1944
681,7.5278,-1.25
682,6.3333,-0.83333
683,5.8611,-0.54167
684,5.25,-0.30556
685,5.25,0.33333
686,5.9167,0.69444
687,6.6389,0.63889
688,7.1944,0.625
689,7.8889,0.61111
690,8.4167,0.34722
691,8.5833,0.11111
692,8.6389,0.125
693,8.8333,0.22222
694,9.0833,0.19444
695,9.2222,-0.041667
696,9,-0.68056
697,7.8611,-0.91667
698,7.1667,-0.72222
699,6.4167,-0.55556
700,6.0556,-0.26389
701,5.8889,-0.11111
702,5.8333,-0.027778
703,5.8333,-0.013889
704,5.8056,-0.15278
705,5.5278,-0.41667
706,4.9722,-0.66667
707,4.1944,-0.70833
708,3.5556,-0.43056
709,3.3333,0.055556
710,3.6667,0.70833
711,4.75,1.0972
712,5.8611,0.65278
713,6.0556,0.013889
714,5.8889,-0.45833
715,5.1389,-1.0139
716,3.8611,-0.90278
717,3.3333,-0.26389
718,3.3333,0.13889
719,3.6111,0.55556
720,4.4444,0.76389
721,5.1389,0.63889
722,5.7222,0.55556
723,6.25,0.47222
724,6.6667,0.56944
725,7.3889,0.81944
726,8.3056,1.1389
727,9.6667,1.0972
728,10.5,0.75
729,11.167,0.52778
730,11.556,0.23611
731,11.639,0.055556
732,11.667,0.041667
733,11.722,0.055556
734,11.778,0.069444
735,11.861,0.097222
736,11.972,0.13889
737,12.139,0.125
738,12.222,0.055556
739,12.25,0.18056
740,12.583,0.31944
741,12.889,0.26389
742,13.111,0.125
743,13.139,0.027778
744,13.167,0.013889
745,13.167,0.013889
746,13.194,0.069444
747,13.306,0.15278
748,13.5,0.20833
749,13.722,0.16667
750,13.833,0.055556
751,13.833,-0.013889
752,13.806,-0.069444
753,13.694,-0.16667
754,13.472,-0.23611
755,13.222,-0.30556
756,12.861,-0.54167
757,12.139,-0.97222
758,10.917,-1.3333
759,9.4722,-1.4306
760,8.0556,-1.4444
761,6.5833,-1.4722
762,5.1111,-1.3056
763,3.9722,-0.88889
764,3.3333,-0.20833
765,3.5556,0.55556
766,4.4444,0.875
767,5.3056,0.88889
768,6.2222,0.90278
769,7.1111,1.0694
770,8.3611,1.3472
771,9.8056,1.3611
772,11.083,1.2778
773,12.361,1.0556
774,13.194,0.88889
775,14.139,0.91667
776,15.028,0.75
777,15.639,0.55556
778,16.139,0.48611
779,16.611,0.41667
780,16.972,0.31944
781,17.25,0.23611
782,17.444,0.16667
783,17.583,0.11111
784,17.667,0.097222
785,17.778,0.15278
786,17.972,0.16667
787,18.111,0.083333
788,18.139,0.013889
789,18.139,0.013889
790,18.167,0.055556
791,18.25,0.083333
792,18.333,-0.013889
793,18.222,-0.34722
794,17.639,-0.81944
795,16.583,-1.2361
796,15.167,-1.4444
797,13.694,-1.3472
798,12.472,-0.97222
799,11.75,-0.48611
800,11.5,-0.13889
801,11.472,0.097222
802,11.694,0.47222
803,12.417,0.875
804,13.444,0.93056
805,14.278,0.59722
806,14.639,0.22222
807,14.722,-0.027778
808,14.583,-0.23611
809,14.25,-0.38889
810,13.806,-0.54167
811,13.167,-0.83333
812,12.139,-1.0694
813,11.028,-1.1389
814,9.8611,-1.1944
815,8.6389,-1.2778
816,7.3056,-1.2778
817,6.0833,-1.1528
818,5,-0.68056
819,4.7222,0
820,5,0.61111
821,5.9444,0.94444
822,6.8889,0.90278
823,7.75,0.83333
824,8.5556,0.70833
825,9.1667,0.59722
826,9.75,0.56944
827,10.306,0.52778
828,10.806,0.59722
829,11.5,0.70833
830,12.222,0.68056
831,12.861,0.51389
832,13.25,0.26389
833,13.389,0.13889
834,13.528,0.15278
835,13.694,0.15278
836,13.833,0.125
837,13.944,0.15278
838,14.139,0.22222
839,14.389,0.22222
840,14.583,0.20833
841,14.806,0.27778
842,15.139,0.33333
843,15.472,0.27778
844,15.694,0.15278
845,15.778,0.069444
846,15.833,0.055556
847,15.889,0.097222
848,16.028,0.20833
849,16.306,0.33333
850,16.694,0.33333
851,16.972,0.22222
852,17.139,0.16667
853,17.306,0.16667
854,17.472,0.13889
855,17.583,0.069444
856,17.611,0.027778
857,17.639,0.15278
858,17.917,0.31944
859,18.278,0.31944
860,18.556,0.22222
861,18.722,0.27778
862,19.111,0.51389
863,19.75,0.48611
864,20.083,0.23611
865,20.222,0.15278
866,20.389,0.25
867,20.722,0.36111
868,21.111,0.27778
869,21.278,0.069444
870,21.25,-0.055556
871,21.167,-0.097222
872,21.056,-0.11111
873,20.944,-0.13889
874,20.778,-0.20833
875,20.528,-0.29167
876,20.194,-0.36111
877,19.806,-0.31944
878,19.556,-0.18056
879,19.444,-0.055556
880,19.444,-0.13889
881,19.167,-0.27778
882,18.889,-0.13889
883,18.889,0
884,18.889,0.013889
885,18.917,0.055556
886,19,0.069444
887,19.056,0.041667
888,19.083,-0.013889
889,19.028,-0.083333
890,18.917,-0.16667
891,18.694,-0.26389
892,18.389,-0.34722
893,18,-0.36111
894,17.667,-0.30556
895,17.389,-0.20833
896,17.25,-0.097222
897,17.194,-0.027778
898,17.194,-0.013889
899,17.167,-0.055556
900,17.083,-0.125
901,16.917,-0.25
902,16.583,-0.875
903,15.167,-1.4444
904,13.694,-1.3472
905,12.472,-0.97222
906,11.75,-0.48611
907,11.5,-0.13889
908,11.472,0.097222
909,11.694,0.47222
910,12.417,0.875
911,13.444,0.93056
912,14.278,0.59722
913,14.639,0.36111
914,15,0.59722
915,15.833,0.56944
916,16.139,0.30556
917,16.444,0.125
918,16.389,-0.013889
919,16.417,0.069444
920,16.528,0.19444
921,16.806,0.38889
922,17.306,0.47222
923,17.75,0.38889
924,18.083,0.027778
925,17.806,-0.33333
926,17.417,-0.29167
927,17.222,-0.19444
928,17.028,-0.15278
929,16.917,-0.11111
930,16.806,-0.097222
931,16.722,-0.097222
932,16.611,-0.11111
933,16.5,-0.16667
934,16.278,-0.26389
935,15.972,-0.27778
936,15.722,-0.20833
937,15.556,-0.15278
938,15.417,-0.13889
939,15.278,-0.15278
940,15.111,-0.125
941,15.028,-0.055556
942,15,-0.027778
943,14.972,-0.013889
944,14.972,0.013889
945,15,0.041667
946,15.056,0.13889
947,15.278,0.22222
948,15.5,0.16667
949,15.611,0.041667
950,15.583,-0.15278
951,15.306,-0.47222
952,14.639,-0.93056
953,13.444,-1.3333
954,11.972,-1.4722
955,10.5,-1.4722
956,9.0278,-1.4722
957,7.5556,-1.0278
958,6.9722,-0.16667
959,7.2222,0.58333
960,8.1389,1.1944
961,9.6111,1.5417
962,11.222,1.4861
963,12.583,1.1944
964,13.611,0.80556
965,14.194,0.43056
966,14.472,0.15278
967,14.5,0
968,14.472,-0.069444
969,14.361,-0.16667
970,14.139,-0.34722
971,13.667,-0.69444
972,12.75,-1.1944
973,11.278,-1.4722
974,9.8056,-1.4722
975,8.3333,-1.4722
976,6.8611,-1.4861
977,5.3611,-1.2083
978,4.4444,-0.84722
979,3.6667,-0.73611
980,2.9722,-0.61111
981,2.4444,-0.48611
982,2,-0.45833
983,1.5278,-0.55556
984,0.88889,-0.61111
985,0.30556,-0.44444
986,0,-0.15278
987,0,0
988,0,0
989,0,0
990,0,0
991,0,0
992,0,0
993,0,0
994,0,0
995,0,0
996,0,0
997,0,0
998,0,0
999,0,0
1000,0,0
1001,0,0
1002,0,0
1003,0,0
1004,0,0
1005,0,0
1006,0,0
1007,0,0
1008,0,0
1009,0,0
1010,0,0
1011,0,0
1012,0,0
1013,0,0
1014,0,0
1015,0,0
1016,0,0
1017,0,0
1018,0,0
1019,0,0
1020,0,0
1021,0,0
1022,0,0
1023,0,0
1024,0,0
1025,0,0
1026,0,0.11111
1027,0.22222,0.5
1028,1,1.0833
1029,2.3889,1.5278
1030,4.0556,1.5833
1031,5.5556,1.3611
1032,6.7778,1.1389
1033,7.8333,1.0139
1034,8.8056,0.94444
1035,9.7222,0.81944
1036,10.444,0.65278
1037,11.028,0.54167
1038,11.528,0.54167
1039,12.111,0.625
1040,12.778,0.66667
1041,13.444,0.625
1042,14.028,0.48611
1043,14.417,0.29167
1044,14.611,0.125
1045,14.667,0.041667
1046,14.694,0.041667
1047,14.75,0.055556
1048,14.806,0
1049,14.75,-0.13889
1050,14.528,-0.33333
1051,14.083,-0.48611
1052,13.556,-0.58333
1053,12.917,-0.69444
1054,12.167,-0.86111
1055,11.194,-1.0833
1056,10,-1.3333
1057,8.5278,-1.4722
1058,7.0556,-1.3472
1059,5.8333,-1.2083
1060,4.6389,-1.0556
1061,3.7222,-0.65278
1062,3.3333,-0.18056
1063,3.3611,0.11111
1064,3.5556,0.48611
1065,4.3333,0.98611
1066,5.5278,1.0833
1067,6.5,0.65278
1068,6.8333,0.25
1069,7,0.25
1070,7.3333,0.5
1071,8,0.75
1072,8.8333,0.90278
1073,9.8056,1.0694
1074,10.972,1.2778
1075,12.361,1.3611
1076,13.694,1.2222
1077,14.806,0.98611
1078,15.667,0.77778
1079,16.361,0.66667
1080,17,0.51389
1081,17.389,0.25
1082,17.5,-0.013889
1083,17.361,-0.29167
1084,16.917,-0.44444
1085,16.472,-0.31944
1086,16.278,-0.097222
1087,16.278,0.013889
1088,16.306,0.027778
1089,16.333,0.013889
1090,16.333,0
1091,16.333,0.041667
1092,16.417,0.18056
1093,16.694,0.36111
1094,17.139,0.40278
1095,17.5,0.27778
1096,17.694,0.125
1097,17.75,-0.027778
1098,17.639,-0.22222
1099,17.306,-0.44444
1100,16.75,-0.47222
1101,16.361,-0.26389
1102,16.222,-0.013889
1103,16.333,0.25
1104,16.722,0.48611
1105,17.306,0.51389
1106,17.75,0.30556
1107,17.917,0.069444
1108,17.889,-0.13889
1109,17.639,-0.33333
1110,17.222,-0.31944
1111,17,-0.097222
1112,17.028,0.19444
1113,17.389,0.55556
1114,18.139,0.75
1115,18.889,0.56944
1116,19.278,0.23611
1117,19.361,-0.013889
1118,19.25,-0.22222
1119,18.917,-0.33333
1120,18.583,-0.26389
1121,18.389,-0.16667
1122,18.25,-0.18056
1123,18.028,-0.34722
1124,17.556,-0.63889
1125,16.75,-1.0278
1126,15.5,-1.3611
1127,14.028,-1.4722
1128,12.556,-1.4444
1129,11.139,-1.25
1130,10.056,-1
1131,9.1389,-0.88889
1132,8.2778,-0.875
1133,7.3889,-0.94444
1134,6.3889,-1
1135,5.3889,-0.93056
1136,4.5278,-0.66667
1137,4.0556,-0.29167
1138,3.9444,-0.041667
1139,3.9722,0.055556
1140,4.0556,0.11111
1141,4.1944,0.25
1142,4.5556,0.55556
1143,5.3056,0.84722
1144,6.25,0.73611
1145,6.7778,0.31944
1146,6.8889,-0.23611
1147,6.3056,-1.0278
1148,4.8333,-1.2361
1149,3.8333,-0.75
1150,3.3333,-0.25
1151,3.3333,0
1152,3.3333,0.26389
1153,3.8611,0.94444
1154,5.2222,1.5556
1155,6.9722,1.5278
1156,8.2778,1.2083
1157,9.3889,1.1667
1158,10.611,1.3333
1159,12.056,1.4861
1160,13.583,1.4444
1161,14.944,1.2361
1162,16.056,1.0694
1163,17.083,1
1164,18.056,0.95833
1165,19,0.91667
1166,19.889,0.63889
1167,20.278,0.375
1168,20.639,0.44444
1169,21.167,0.5
1170,21.639,0.45833
1171,22.083,0.43056
1172,22.5,0.38889
1173,22.861,0.34722
1174,23.194,0.31944
1175,23.5,0.27778
1176,23.75,0.23611
1177,23.972,0.22222
1178,24.194,0.25
1179,24.472,0.27778
1180,24.75,0.27778
1181,25.028,0.26389
1182,25.278,0.22222
1183,25.472,0.18056
1184,25.639,0.15278
1185,25.778,0.11111
1186,25.861,0.041667
1187,25.861,0
1188,25.861,0
1189,25.861,0
1190,25.861,0
1191,25.861,0
1192,25.861,0
1193,25.861,0
1194,25.861,0
1195,25.861,0.013889
1196,25.889,0.013889
1197,25.889,0.013889
1198,25.917,0.069444
1199,26.028,0.125
1200,26.167,0.18056
1201,26.389,0.22222
1202,26.611,0.19444
1203,26.778,0.13889
1204,26.889,0.083333
1205,26.944,0.041667
1206,26.972,0.027778
1207,27,0.027778
1208,27.028,0.027778
1209,27.056,0.013889
1210,27.056,0
1211,27.056,0
1212,27.056,-0.013889
1213,27.028,-0.013889
1214,27.028,0
1215,27.028,0
1216,27.028,-0.013889
1217,27,-0.027778
1218,26.972,-0.027778
1219,26.944,-0.027778
1220,26.917,-0.041667
1221,26.861,-0.069444
1222,26.778,-0.083333
1223,26.694,-0.097222
1224,26.583,-0.083333
1225,26.528,-0.055556
1226,26.472,-0.041667
1227,26.444,-0.041667
1228,26.389,-0.041667
1229,26.361,-0.041667
1230,26.306,-0.055556
1231,26.25,-0.041667
1232,26.222,-0.013889
1233,26.222,-0.013889
1234,26.194,-0.013889
1235,26.194,-0.027778
1236,26.139,-0.055556
1237,26.083,-0.097222
1238,25.944,-0.15278
1239,25.778,-0.19444
1240,25.556,-0.20833
1241,25.361,-0.19444
1242,25.167,-0.18056
1243,25,-0.18056
1244,24.806,-0.18056
1245,24.639,-0.16667
1246,24.472,-0.18056
1247,24.278,-0.19444
1248,24.083,-0.19444
1249,23.889,-0.19444
1250,23.694,-0.18056
1251,23.528,-0.16667
1252,23.361,-0.16667
1253,23.194,-0.16667
1254,23.028,-0.16667
1255,22.861,-0.16667
1256,22.694,-0.16667
1257,22.528,-0.16667
1258,22.361,-0.16667
1259,22.194,-0.15278
1260,22.056,-0.125
1261,21.944,-0.097222
1262,21.861,-0.041667
1263,21.861,0.013889
1264,21.889,0.055556
1265,21.972,0.083333
1266,22.056,0.069444
1267,22.111,0.055556
1268,22.167,0.027778
1269,22.167,-0.027778
1270,22.111,-0.069444
1271,22.028,-0.097222
1272,21.917,-0.11111
1273,21.806,-0.097222
1274,21.722,-0.083333
1275,21.639,-0.069444
1276,21.583,-0.027778
1277,21.583,0.013889
1278,21.611,0.027778
1279,21.639,0.041667
1280,21.694,0.055556
1281,21.75,0.027778
1282,21.75,0.013889
1283,21.778,0.013889
1284,21.778,0
1285,21.778,-0.027778
1286,21.722,-0.055556
1287,21.667,-0.069444
1288,21.583,-0.097222
1289,21.472,-0.11111
1290,21.361,-0.097222
1291,21.278,-0.097222
1292,21.167,-0.125
1293,21.028,-0.13889
1294,20.889,-0.13889
1295,20.75,-0.11111
1296,20.667,-0.055556
1297,20.639,0
1298,20.667,0.041667
1299,20.722,0.069444
1300,20.806,0.069444
1301,20.861,0.055556
1302,20.917,0.055556
1303,20.972,0.069444
1304,21.056,0.055556
1305,21.083,0.027778
1306,21.111,0.013889
1307,21.111,0
1308,21.111,-0.013889
1309,21.083,-0.013889
1310,21.083,-0.013889
1311,21.056,-0.027778
1312,21.028,-0.041667
1313,20.972,-0.069444
1314,20.889,-0.069444
1315,20.833,-0.069444
1316,20.75,-0.125
1317,20.583,-0.13889
1318,20.472,-0.11111
1319,20.361,-0.027778
1320,20.417,0.097222
1321,20.556,0.19444
1322,20.806,0.29167
1323,21.139,0.38889
1324,21.583,0.43056
1325,22,0.36111
1326,22.306,0.22222
1327,22.444,0.097222
1328,22.5,0.027778
1329,22.5,0
1330,22.5,0
1331,22.5,0
1332,22.5,-0.013889
1333,22.472,-0.055556
1334,22.389,-0.083333
1335,22.306,-0.083333
1336,22.222,-0.055556
1337,22.194,-0.027778
1338,22.167,-0.013889
1339,22.167,0
1340,22.167,0.013889
1341,22.194,0.027778
1342,22.222,0.069444
1343,22.333,0.11111
1344,22.444,0.11111
1345,22.556,0.097222
1346,22.639,0.055556
1347,22.667,0.013889
1348,22.667,-0.027778
1349,22.611,-0.125
1350,22.417,-0.25
1351,22.111,-0.34722
1352,21.722,-0.38889
1353,21.333,-0.40278
1354,20.917,-0.41667
1355,20.5,-0.44444
1356,20.028,-0.5
1357,19.5,-0.54167
1358,18.944,-0.56944
1359,18.361,-0.61111
1360,17.722,-0.625
1361,17.111,-0.5
1362,16.722,-0.25
1363,16.611,0.027778
1364,16.778,0.27778
1365,17.167,0.30556
1366,17.389,0.125
1367,17.417,-0.097222
1368,17.194,-0.375
1369,16.667,-0.48611
1370,16.222,-0.30556
1371,16.056,-0.083333
1372,16.056,0
1373,16.056,-0.069444
1374,15.917,-0.22222
1375,15.611,-0.41667
1376,15.083,-0.75
1377,14.111,-1.2222
1378,12.639,-1.4722
1379,11.167,-1.4722
1380,9.6944,-1.4722
1381,8.2222,-1.0556
1382,7.5833,-0.041667
1383,8.1389,0.77778
1384,9.1389,0.875
1385,9.8889,0.52778
1386,10.194,0.27778
1387,10.444,0.375
1388,10.944,0.68056
1389,11.806,0.98611
1390,12.917,1.0694
1391,13.944,0.875
1392,14.667,0.56944
1393,15.083,0.29167
1394,15.25,0.083333
1395,15.25,-0.027778
1396,15.194,-0.11111
1397,15.028,-0.20833
1398,14.778,-0.27778
1399,14.472,-0.34722
1400,14.083,-0.41667
1401,13.639,-0.45833
1402,13.167,-0.54167
1403,12.556,-0.77778
1404,11.611,-1.2083
1405,10.139,-1.4722
1406,8.6667,-1.2361
1407,7.6667,-0.59722
1408,7.4722,-0.041667
1409,7.5833,0.083333
1410,7.6389,0.013889
1411,7.6111,-0.055556
1412,7.5278,-0.097222
1413,7.4167,-0.041667
1414,7.4444,0.20833
1415,7.8333,0.59722
1416,8.6389,0.91667
1417,9.6667,1.0139
1418,10.667,0.84722
1419,11.361,0.45833
1420,11.583,0
1421,11.361,-0.47222
1422,10.639,-0.77778
1423,9.8056,-0.55556
1424,9.5278,-0.097222
1425,9.6111,0.27778
1426,10.083,0.68056
1427,10.972,0.76389
1428,11.611,0.41667
1429,11.806,0.013889
1430,11.639,-0.33333
1431,11.139,-0.73611
1432,10.167,-1.2222
1433,8.6944,-1.4722
1434,7.2222,-1.4861
1435,5.7222,-0.95833
1436,5.3056,-0.125
1437,5.4722,0.27778
1438,5.8611,0.31944
1439,6.1111,0.13889
1440,6.1389,-0.083333
1441,5.9444,-0.34722
1442,5.4444,-0.43056
1443,5.0833,-0.22222
1444,5,0
1445,5.0833,0.069444
1446,5.1389,-0.055556
1447,4.9722,-0.48611
1448,4.1667,-1.1111
1449,2.75,-1.4444
1450,1.2778,-1.2083
1451,0.33333,-0.63889
1452,0,-0.16667
1453,0,0
1454,0,0
1455,0,0
1456,0,0
1457,0,0
1458,0,0
1459,0,0
1460,0,0
1461,0,0
1462,0,0
1463,0,0
1464,0,0
1465,0,0
1466,0,0
1467,0,0
1468,0,0
1469,0,0
1470,0,0
1471,0,0
1472,0,0
1473,0,0
1474,0,0
1475,0,0
1476,0,0
1477,0,0
1478,0,0.30556
1479,0.61111,0.61111
1480,1.2222,0.56944
1481,1.75,0.48611
1482,2.1944,0.40278
1483,2.5556,0.34722
1484,2.8889,0.31944
1485,3.1944,0.34722
1486,3.5833,0.44444
1487,4.0833,0.56944
1488,4.7222,0.70833
1489,5.5,0.84722
1490,6.4167,0.95833
1491,7.4167,1.0278
1492,8.4722,1.0278
1493,9.4722,0.97222
1494,10.417,0.90278
1495,11.278,0.80556
1496,12.028,0.70833
1497,12.694,0.61111
1498,13.25,0.5
1499,13.694,0.38889
1500,14.028,0.27778
1501,14.25,0.22222
1502,14.472,0.19444
1503,14.639,0.18056
1504,14.833,0.18056
1505,15,0.15278
1506,15.139,0.13889
1507,15.278,0.15278
1508,15.444,0.18056
1509,15.639,0.22222
1510,15.889,0.30556
1511,16.25,0.41667
1512,16.722,0.52778
1513,17.306,0.625
1514,17.972,0.66667
1515,18.639,0.625
1516,19.222,0.5
1517,19.639,0.375
1518,19.972,0.27778
1519,20.194,0.20833
1520,20.389,0.15278
1521,20.5,0.097222
1522,20.583,0.027778
1523,20.556,-0.069444
1524,20.444,-0.20833
1525,20.139,-0.38889
1526,19.667,-0.54167
1527,19.056,-0.63889
1528,18.389,-0.63889
1529,17.778,-0.55556
1530,17.278,-0.43056
1531,16.917,-0.27778
1532,16.722,-0.125
1533,16.667,0.027778
1534,16.778,0.19444
1535,17.056,0.38889
1536,17.556,0.58333
1537,18.222,0.72222
1538,19,0.83333
1539,19.889,0.90278
1540,20.806,0.94444
1541,21.778,0.95833
1542,22.722,0.90278
1543,23.583,0.77778
1544,24.278,0.56944
1545,24.722,0.36111
1546,25,0.22222
1547,25.167,0.13889
1548,25.278,0.125
1549,25.417,0.13889
1550,25.556,0.16667
1551,25.75,0.19444
1552,25.944,0.20833
1553,26.167,0.20833
1554,26.361,0.20833
1555,26.583,0.23611
1556,26.833,0.27778
1557,27.139,0.31944
1558,27.472,0.375
1559,27.889,0.43056
1560,28.333,0.44444
1561,28.778,0.44444
1562,29.222,0.44444
1563,29.667,0.45833
1564,30.139,0.47222
1565,30.611,0.47222
1566,31.083,0.48611
1567,31.583,0.47222
1568,32.028,0.43056
1569,32.444,0.40278
1570,32.833,0.375
1571,33.194,0.34722
1572,33.528,0.31944
1573,33.833,0.26389
1574,34.056,0.19444
1575,34.222,0.13889
1576,34.333,0.069444
1577,34.361,0
1578,34.333,-0.055556
1579,34.25,-0.083333
1580,34.167,-0.11111
1581,34.028,-0.125
1582,33.917,-0.13889
1583,33.75,-0.18056
1584,33.556,-0.20833
1585,33.333,-0.23611
1586,33.083,-0.26389
1587,32.806,-0.27778
1588,32.528,-0.26389
1589,32.278,-0.22222
1590,32.083,-0.18056
1591,31.917,-0.13889
1592,31.806,-0.11111
1593,31.694,-0.083333
1594,31.639,-0.055556
1595,31.583,-0.083333
1596,31.472,-0.11111
1597,31.361,-0.15278
1598,31.167,-0.20833
1599,30.944,-0.23611
1600,30.694,-0.26389
1601,30.417,-0.27778
1602,30.139,-0.25
1603,29.917,-0.19444
1604,29.75,-0.15278
1605,29.611,-0.097222
1606,29.556,-0.055556
1607,29.5,-0.027778
1608,29.5,0
1609,29.5,0.027778
1610,29.556,0.041667
1611,29.583,0.055556
1612,29.667,0.097222
1613,29.778,0.13889
1614,29.944,0.18056
1615,30.139,0.22222
1616,30.389,0.27778
1617,30.694,0.31944
1618,31.028,0.34722
1619,31.389,0.33333
1620,31.694,0.29167
1621,31.972,0.25
1622,32.194,0.19444
1623,32.361,0.11111
1624,32.417,0.013889
1625,32.389,-0.069444
1626,32.278,-0.19444
1627,32,-0.33333
1628,31.611,-0.44444
1629,31.111,-0.51389
1630,30.583,-0.51389
1631,30.083,-0.43056
1632,29.722,-0.30556
1633,29.472,-0.16667
1634,29.389,-0.055556
1635,29.361,-0.013889
1636,29.361,-0.013889
1637,29.333,-0.055556
1638,29.25,-0.097222
1639,29.139,-0.125
1640,29,-0.125
1641,28.889,-0.083333
1642,28.833,-0.013889
1643,28.861,0.083333
1644,29,0.16667
1645,29.194,0.23611
1646,29.472,0.29167
1647,29.778,0.33333
1648,30.139,0.375
1649,30.528,0.38889
1650,30.917,0.38889
1651,31.306,0.36111
1652,31.639,0.31944
1653,31.944,0.29167
1654,32.222,0.25
1655,32.444,0.22222
1656,32.667,0.22222
1657,32.889,0.22222
1658,33.111,0.22222
1659,33.333,0.22222
1660,33.556,0.22222
1661,33.778,0.20833
1662,33.972,0.20833
1663,34.194,0.20833
1664,34.389,0.18056
1665,34.556,0.16667
1666,34.722,0.13889
1667,34.833,0.11111
1668,34.944,0.097222
1669,35.028,0.083333
1670,35.111,0.069444
1671,35.167,0.041667
1672,35.194,0.027778
1673,35.222,0.027778
1674,35.25,0.013889
1675,35.25,0
1676,35.25,-0.013889
1677,35.222,-0.041667
1678,35.167,-0.069444
1679,35.083,-0.083333
1680,35,-0.083333
1681,34.917,-0.055556
1682,34.889,-0.013889
1683,34.889,0.027778
1684,34.944,0.083333
1685,35.056,0.11111
1686,35.167,0.11111
1687,35.278,0.11111
1688,35.389,0.083333
1689,35.444,0.055556
1690,35.5,0.041667
1691,35.528,0.027778
1692,35.556,0.027778
1693,35.583,0.027778
1694,35.611,0.027778
1695,35.639,0.027778
1696,35.667,0.027778
1697,35.694,0.027778
1698,35.722,0.013889
1699,35.722,-0.013889
1700,35.694,-0.041667
1701,35.639,-0.055556
1702,35.583,-0.055556
1703,35.528,-0.069444
1704,35.444,-0.069444
1705,35.389,-0.055556
1706,35.333,-0.055556
1707,35.278,-0.041667
1708,35.25,-0.027778
1709,35.222,-0.027778
1710,35.194,0
1711,35.222,0.027778
1712,35.25,0.041667
1713,35.306,0.069444
1714,35.389,0.083333
1715,35.472,0.097222
1716,35.583,0.11111
1717,35.694,0.125
1718,35.833,0.13889
1719,35.972,0.15278
1720,36.139,0.15278
1721,36.278,0.125
1722,36.389,0.083333
1723,36.444,0.041667
1724,36.472,0
1725,36.444,-0.083333
1726,36.306,-0.19444
1727,36.056,-0.31944
1728,35.667,-0.45833
1729,35.139,-0.59722
1730,34.472,-0.68056
1731,33.778,-0.70833
1732,33.056,-0.70833
1733,32.361,-0.68056
1734,31.694,-0.65278
1735,31.056,-0.63889
1736,30.417,-0.65278
1737,29.75,-0.65278
1738,29.111,-0.63889
1739,28.472,-0.61111
1740,27.889,-0.54167
1741,27.389,-0.44444
1742,27,-0.375
1743,26.639,-0.33333
1744,26.333,-0.29167
1745,26.056,-0.27778
1746,25.778,-0.27778
1747,25.5,-0.25
1748,25.278,-0.22222
1749,25.056,-0.19444
1750,24.889,-0.15278
1751,24.75,-0.13889
1752,24.611,-0.13889
1753,24.472,-0.13889
1754,24.333,-0.13889
1755,24.194,-0.13889
1756,24.056,-0.13889
1757,23.917,-0.15278
1758,23.75,-0.15278
1759,23.611,-0.15278
1760,23.444,-0.16667
1761,23.278,-0.16667
1762,23.111,-0.16667
1763,22.944,-0.16667
1764,22.778,-0.18056
1765,22.583,-0.22222
1766,22.333,-0.30556
1767,21.972,-0.41667
1768,21.5,-0.55556
1769,20.861,-0.70833
1770,20.083,-0.83333
1771,19.194,-0.88889
1772,18.306,-0.88889
1773,17.417,-0.86111
1774,16.583,-0.79167
1775,15.833,-0.70833
1776,15.167,-0.66667
1777,14.5,-0.68056
1778,13.806,-0.75
1779,13,-0.86111
1780,12.083,-0.95833
1781,11.083,-0.98611
1782,10.111,-0.93056
1783,9.2222,-0.81944
1784,8.4722,-0.68056
1785,7.8611,-0.58333
1786,7.3056,-0.54167
1787,6.7778,-0.52778
1788,6.25,-0.54167
1789,5.6944,-0.59722
1790,5.0556,-0.69444
1791,4.3056,-0.81944
1792,3.4167,-0.94444
1793,2.4167,-0.98611
1794,1.4444,-1.2083
1795,0,-0.72222
1796,0,0
1797,0,0
1798,0,0
1799,0,0
1800,0,0
